time,z,x,material
0,0,0.010665552,Steel
0,0,0.011163312,Glue
0,0,0.010483978,Carbon
0,0,0.008983486,ThermalProtection
0,0.051020408,0.007947397,Steel
0,0.051020408,0.010432122,Glue
0,0.051020408,0.012019173,Carbon
0,0.051020408,0.011500713,ThermalProtection
0,0.102040816,0.012624633,Steel
0,0.102040816,0.01155152,Glue
0,0.102040816,0.015394374,Carbon
0,0.102040816,0.010069937,ThermalProtection
0,0.153061224,0.011453583,Steel
0,0.153061224,0.012596097,Glue
0,0.153061224,0.011889859,Carbon
0,0.153061224,0.012942458,ThermalProtection
0,0.204081633,0.014805435,Steel
0,0.204081633,0.009109296,Glue
0,0.204081633,0.01168808,Carbon
0,0.204081633,0.012609125,ThermalProtection
0,0.255102041,0.013680974,Steel
0,0.255102041,0.014056806,Glue
0,0.255102041,0.013938948,Carbon
0,0.255102041,0.010615187,ThermalProtection
0,0.306122449,0.011589364,Steel
0,0.306122449,0.011364865,Glue
0,0.306122449,0.015538845,Carbon
0,0.306122449,0.01589249,ThermalProtection
0,0.357142857,0.016205819,Steel
0,0.357142857,0.015490126,Glue
0,0.357142857,0.013376383,Carbon
0,0.357142857,0.016457995,ThermalProtection
0,0.408163265,0.012785384,Steel
0,0.408163265,0.015477886,Glue
0,0.408163265,0.017209503,Carbon
0,0.408163265,0.014818634,ThermalProtection
0,0.459183673,0.012647727,Steel
0,0.459183673,0.014825899,Glue
0,0.459183673,0.013878288,Carbon
0,0.459183673,0.017316746,ThermalProtection
0,0.510204082,0.017245877,Steel
0,0.510204082,0.015551083,Glue
0,0.510204082,0.016887443,Carbon
0,0.510204082,0.013352017,ThermalProtection
0,0.56122449,0.01455813,Steel
0,0.56122449,0.017310487,Glue
0,0.56122449,0.019360277,Carbon
0,0.56122449,0.017886471,ThermalProtection
0,0.612244898,0.017129541,Steel
0,0.612244898,0.013650677,Glue
0,0.612244898,0.01812181,Carbon
0,0.612244898,0.014923221,ThermalProtection
0,0.663265306,0.014814584,Steel
0,0.663265306,0.014756869,Glue
0,0.663265306,0.014132511,Carbon
0,0.663265306,0.018470489,ThermalProtection
0,0.714285714,0.010051545,Steel
0,0.714285714,0.014867571,Glue
0,0.714285714,0.011113694,Carbon
0,0.714285714,0.016833076,ThermalProtection
0,0.765306122,0.014670942,Steel
0,0.765306122,0.015628674,Glue
0,0.765306122,0.015823015,Carbon
0,0.765306122,0.016076269,ThermalProtection
0,0.816326531,0.015200058,Steel
0,0.816326531,0.016058345,Glue
0,0.816326531,0.015146692,Carbon
0,0.816326531,0.014692124,ThermalProtection
0,0.867346939,0.013765456,Steel
0,0.867346939,0.011788628,Glue
0,0.867346939,0.013749194,Carbon
0,0.867346939,0.015535312,ThermalProtection
0,0.918367347,0.011222959,Steel
0,0.918367347,0.017355471,Glue
0,0.918367347,0.014945205,Carbon
0,0.918367347,0.019708848,ThermalProtection
0,0.969387755,0.015022892,Steel
0,0.969387755,0.01504372,Glue
0,0.969387755,0.012800206,Carbon
0,0.969387755,0.013582102,ThermalProtection
0,1.020408163,0.010031995,Steel
0,1.020408163,0.012089186,Glue
0,1.020408163,0.011608627,Carbon
0,1.020408163,0.012890666,ThermalProtection
0,1.071428571,0.012207605,Steel
0,1.071428571,0.012724575,Glue
0,1.071428571,0.012126849,Carbon
0,1.071428571,0.013036887,ThermalProtection
0,1.12244898,0.009179317,Steel
0,1.12244898,0.012598152,Glue
0,1.12244898,0.009484637,Carbon
0,1.12244898,0.012738535,ThermalProtection
0,1.173469388,0.012645223,Steel
0,1.173469388,0.010047594,Glue
0,1.173469388,0.011203192,Carbon
0,1.173469388,0.01023251,ThermalProtection
0,1.224489796,0.009834271,Steel
0,1.224489796,0.011756477,Glue
0,1.224489796,0.00760274,Carbon
0,1.224489796,0.010335425,ThermalProtection
0,1.275510204,0.010203031,Steel
0,1.275510204,0.00666718,Glue
0,1.275510204,0.009040782,Carbon
0,1.275510204,0.007654255,ThermalProtection
0,1.326530612,0.011608005,Steel
0,1.326530612,0.00624625,Glue
0,1.326530612,0.005425028,Carbon
0,1.326530612,0.008313991,ThermalProtection
0,1.37755102,0.010296915,Steel
0,1.37755102,0.009166415,Glue
0,1.37755102,0.007873733,Carbon
0,1.37755102,0.006485937,ThermalProtection
0,1.428571429,0.008622276,Steel
0,1.428571429,0.007245069,Glue
0,1.428571429,0.005121719,Carbon
0,1.428571429,0.010034814,ThermalProtection
0,1.479591837,0.008927426,Steel
0,1.479591837,0.00564156,Glue
0,1.479591837,0.009010357,Carbon
0,1.479591837,0.00779899,ThermalProtection
0,1.530612245,0.007821612,Steel
0,1.530612245,0.005317331,Glue
0,1.530612245,0.008715979,Carbon
0,1.530612245,0.005331686,ThermalProtection
0,1.581632653,0.00529085,Steel
0,1.581632653,0.012399441,Glue
0,1.581632653,0.00227052,Carbon
0,1.581632653,0.007857646,ThermalProtection
0,1.632653061,0.004851658,Steel
0,1.632653061,0.008796659,Glue
0,1.632653061,0.006196979,Carbon
0,1.632653061,0.003595357,ThermalProtection
0,1.683673469,0.005132176,Steel
0,1.683673469,0.006252933,Glue
0,1.683673469,0.002263839,Carbon
0,1.683673469,0.001763499,ThermalProtection
0,1.734693878,0.007942016,Steel
0,1.734693878,0.003501777,Glue
0,1.734693878,0.004411395,Carbon
0,1.734693878,0.005650602,ThermalProtection
0,1.785714286,0.006974069,Steel
0,1.785714286,0.007011751,Glue
0,1.785714286,0.005461254,Carbon
0,1.785714286,0.005855684,ThermalProtection
0,1.836734694,0.007378389,Steel
0,1.836734694,0.003915412,Glue
0,1.836734694,0.006344096,Carbon
0,1.836734694,0.005033929,ThermalProtection
0,1.887755102,0.002522432,Steel
0,1.887755102,0.004960364,Glue
0,1.887755102,0.003214516,Carbon
0,1.887755102,0.0033915,ThermalProtection
0,1.93877551,0.005745772,Steel
0,1.93877551,0.002626283,Glue
0,1.93877551,0.006752405,Carbon
0,1.93877551,0.006360452,ThermalProtection
0,1.989795918,0.00717819,Steel
0,1.989795918,0.005033077,Glue
0,1.989795918,0.005299528,Carbon
0,1.989795918,0.002636264,ThermalProtection
0,2.040816327,0.005950306,Steel
0,2.040816327,0.005178545,Glue
0,2.040816327,0.009783943,Carbon
0,2.040816327,0.011007855,ThermalProtection
0,2.091836735,0.008084796,Steel
0,2.091836735,0.008520801,Glue
0,2.091836735,0.009186865,Carbon
0,2.091836735,0.002408501,ThermalProtection
0,2.142857143,0.007965296,Steel
0,2.142857143,0.008421747,Glue
0,2.142857143,0.009341675,Carbon
0,2.142857143,0.002900006,ThermalProtection
0,2.193877551,0.005324978,Steel
0,2.193877551,0.00266376,Glue
0,2.193877551,0.005903976,Carbon
0,2.193877551,0.004163814,ThermalProtection
0,2.244897959,0.012427618,Steel
0,2.244897959,0.009195785,Glue
0,2.244897959,0.008077323,Carbon
0,2.244897959,0.009998337,ThermalProtection
0,2.295918367,0.006071359,Steel
0,2.295918367,0.0064426,Glue
0,2.295918367,0.007303015,Carbon
0,2.295918367,0.007869208,ThermalProtection
0,2.346938776,0.012287836,Steel
0,2.346938776,0.007407517,Glue
0,2.346938776,0.003597826,Carbon
0,2.346938776,0.007276432,ThermalProtection
0,2.397959184,0.006513674,Steel
0,2.397959184,0.007087643,Glue
0,2.397959184,0.00978648,Carbon
0,2.397959184,0.011786577,ThermalProtection
0,2.448979592,0.010437322,Steel
0,2.448979592,0.012627955,Glue
0,2.448979592,0.010071033,Carbon
0,2.448979592,0.005638733,ThermalProtection
0,2.5,0.008790919,Steel
0,2.5,0.011593229,Glue
0,2.5,0.007941946,Carbon
0,2.5,0.010536522,ThermalProtection
0.1,0,0.01028259,Steel
0.1,0,0.00948741,Glue
0.1,0,0.009224273,Carbon
0.1,0,0.0125834,ThermalProtection
0.1,0.051020408,0.014112107,Steel
0.1,0.051020408,0.012066851,Glue
0.1,0.051020408,0.008780581,Carbon
0.1,0.051020408,0.012553864,ThermalProtection
0.1,0.102040816,0.01512551,Steel
0.1,0.102040816,0.018065963,Glue
0.1,0.102040816,0.011881234,Carbon
0.1,0.102040816,0.011379276,ThermalProtection
0.1,0.153061224,0.01457406,Steel
0.1,0.153061224,0.01611341,Glue
0.1,0.153061224,0.011580582,Carbon
0.1,0.153061224,0.012099614,ThermalProtection
0.1,0.204081633,0.014325474,Steel
0.1,0.204081633,0.015504803,Glue
0.1,0.204081633,0.009667056,Carbon
0.1,0.204081633,0.010276113,ThermalProtection
0.1,0.255102041,0.013934432,Steel
0.1,0.255102041,0.011629178,Glue
0.1,0.255102041,0.012801931,Carbon
0.1,0.255102041,0.011984563,ThermalProtection
0.1,0.306122449,0.016505226,Steel
0.1,0.306122449,0.015407136,Glue
0.1,0.306122449,0.015269818,Carbon
0.1,0.306122449,0.015315274,ThermalProtection
0.1,0.357142857,0.013683452,Steel
0.1,0.357142857,0.0160671,Glue
0.1,0.357142857,0.013130574,Carbon
0.1,0.357142857,0.012383792,ThermalProtection
0.1,0.408163265,0.015482063,Steel
0.1,0.408163265,0.011382044,Glue
0.1,0.408163265,0.015304868,Carbon
0.1,0.408163265,0.015525523,ThermalProtection
0.1,0.459183673,0.015266289,Steel
0.1,0.459183673,0.017450897,Glue
0.1,0.459183673,0.014904533,Carbon
0.1,0.459183673,0.01467131,ThermalProtection
0.1,0.510204082,0.015884819,Steel
0.1,0.510204082,0.01365647,Glue
0.1,0.510204082,0.014768216,Carbon
0.1,0.510204082,0.015740495,ThermalProtection
0.1,0.56122449,0.017618247,Steel
0.1,0.56122449,0.016349411,Glue
0.1,0.56122449,0.014191695,Carbon
0.1,0.56122449,0.013935556,ThermalProtection
0.1,0.612244898,0.019511111,Steel
0.1,0.612244898,0.014614747,Glue
0.1,0.612244898,0.013547515,Carbon
0.1,0.612244898,0.01178873,ThermalProtection
0.1,0.663265306,0.012007688,Steel
0.1,0.663265306,0.010063446,Glue
0.1,0.663265306,0.014164755,Carbon
0.1,0.663265306,0.015467909,ThermalProtection
0.1,0.714285714,0.013953986,Steel
0.1,0.714285714,0.013559105,Glue
0.1,0.714285714,0.017570569,Carbon
0.1,0.714285714,0.019447841,ThermalProtection
0.1,0.765306122,0.010788255,Steel
0.1,0.765306122,0.014278508,Glue
0.1,0.765306122,0.011421957,Carbon
0.1,0.765306122,0.014955751,ThermalProtection
0.1,0.816326531,0.017500343,Steel
0.1,0.816326531,0.010846798,Glue
0.1,0.816326531,0.012353529,Carbon
0.1,0.816326531,0.014071524,ThermalProtection
0.1,0.867346939,0.013422191,Steel
0.1,0.867346939,0.01818733,Glue
0.1,0.867346939,0.014659505,Carbon
0.1,0.867346939,0.013653131,ThermalProtection
0.1,0.918367347,0.011541896,Steel
0.1,0.918367347,0.011985631,Glue
0.1,0.918367347,0.01369285,Carbon
0.1,0.918367347,0.012517392,ThermalProtection
0.1,0.969387755,0.009118129,Steel
0.1,0.969387755,0.015800474,Glue
0.1,0.969387755,0.014600045,Carbon
0.1,0.969387755,0.013846915,ThermalProtection
0.1,1.020408163,0.010458119,Steel
0.1,1.020408163,0.012676541,Glue
0.1,1.020408163,0.014027976,Carbon
0.1,1.020408163,0.011276933,ThermalProtection
0.1,1.071428571,0.010026643,Steel
0.1,1.071428571,0.011526588,Glue
0.1,1.071428571,0.010940124,Carbon
0.1,1.071428571,0.014102143,ThermalProtection
0.1,1.12244898,0.010459763,Steel
0.1,1.12244898,0.008503624,Glue
0.1,1.12244898,0.014413924,Carbon
0.1,1.12244898,0.009728721,ThermalProtection
0.1,1.173469388,0.009299721,Steel
0.1,1.173469388,0.010999368,Glue
0.1,1.173469388,0.010480217,Carbon
0.1,1.173469388,0.007649931,ThermalProtection
0.1,1.224489796,0.011411555,Steel
0.1,1.224489796,0.005153106,Glue
0.1,1.224489796,0.010378274,Carbon
0.1,1.224489796,0.010780914,ThermalProtection
0.1,1.275510204,0.00700194,Steel
0.1,1.275510204,0.003912473,Glue
0.1,1.275510204,0.009422343,Carbon
0.1,1.275510204,0.009969603,ThermalProtection
0.1,1.326530612,0.011813367,Steel
0.1,1.326530612,0.008884587,Glue
0.1,1.326530612,0.008622902,Carbon
0.1,1.326530612,0.007572212,ThermalProtection
0.1,1.37755102,0.008043495,Steel
0.1,1.37755102,0.007530255,Glue
0.1,1.37755102,0.010396754,Carbon
0.1,1.37755102,0.009059836,ThermalProtection
0.1,1.428571429,0.00864884,Steel
0.1,1.428571429,0.004810066,Glue
0.1,1.428571429,0.009217009,Carbon
0.1,1.428571429,0.008066791,ThermalProtection
0.1,1.479591837,0.007425972,Steel
0.1,1.479591837,0.006566729,Glue
0.1,1.479591837,0.007482,Carbon
0.1,1.479591837,0.004713964,ThermalProtection
0.1,1.530612245,0.006612047,Steel
0.1,1.530612245,0.002431826,Glue
0.1,1.530612245,0.004497678,Carbon
0.1,1.530612245,0.007204973,ThermalProtection
0.1,1.581632653,0.007698,Steel
0.1,1.581632653,0.006352379,Glue
0.1,1.581632653,0.006994288,Carbon
0.1,1.581632653,0.00408075,ThermalProtection
0.1,1.632653061,0.002918313,Steel
0.1,1.632653061,0.001598423,Glue
0.1,1.632653061,0.007391972,Carbon
0.1,1.632653061,0.006663781,ThermalProtection
0.1,1.683673469,0.004056221,Steel
0.1,1.683673469,0.004626147,Glue
0.1,1.683673469,0.006752712,Carbon
0.1,1.683673469,0.006323237,ThermalProtection
0.1,1.734693878,0.006646333,Steel
0.1,1.734693878,0.004159612,Glue
0.1,1.734693878,0.003263174,Carbon
0.1,1.734693878,0.005171476,ThermalProtection
0.1,1.785714286,0.005263399,Steel
0.1,1.785714286,0.003687785,Glue
0.1,1.785714286,0.002078371,Carbon
0.1,1.785714286,0.004279496,ThermalProtection
0.1,1.836734694,0.00441074,Steel
0.1,1.836734694,0.004240911,Glue
0.1,1.836734694,0.006374682,Carbon
0.1,1.836734694,0.003313461,ThermalProtection
0.1,1.887755102,0.002194091,Steel
0.1,1.887755102,0.00345124,Glue
0.1,1.887755102,0.007978919,Carbon
0.1,1.887755102,0.008250834,ThermalProtection
0.1,1.93877551,0.007426827,Steel
0.1,1.93877551,0.005802786,Glue
0.1,1.93877551,0.007777218,Carbon
0.1,1.93877551,0.005980525,ThermalProtection
0.1,1.989795918,0.008766069,Steel
0.1,1.989795918,0.007671627,Glue
0.1,1.989795918,0.005601615,Carbon
0.1,1.989795918,0.005686191,ThermalProtection
0.1,2.040816327,0.007842892,Steel
0.1,2.040816327,0.003439362,Glue
0.1,2.040816327,0.005902393,Carbon
0.1,2.040816327,0.00578577,ThermalProtection
0.1,2.091836735,0.003705652,Steel
0.1,2.091836735,0.007723568,Glue
0.1,2.091836735,0.00637423,Carbon
0.1,2.091836735,0.005678911,ThermalProtection
0.1,2.142857143,0.007105819,Steel
0.1,2.142857143,0.010097956,Glue
0.1,2.142857143,0.00442214,Carbon
0.1,2.142857143,0.005366858,ThermalProtection
0.1,2.193877551,0.006644635,Steel
0.1,2.193877551,0.010614158,Glue
0.1,2.193877551,0.006735681,Carbon
0.1,2.193877551,0.006169533,ThermalProtection
0.1,2.244897959,0.005222402,Steel
0.1,2.244897959,0.012219738,Glue
0.1,2.244897959,0.007496686,Carbon
0.1,2.244897959,0.006677527,ThermalProtection
0.1,2.295918367,0.012894251,Steel
0.1,2.295918367,0.011809483,Glue
0.1,2.295918367,0.008578961,Carbon
0.1,2.295918367,0.009111354,ThermalProtection
0.1,2.346938776,0.009537046,Steel
0.1,2.346938776,0.009995409,Glue
0.1,2.346938776,0.008892956,Carbon
0.1,2.346938776,0.005748985,ThermalProtection
0.1,2.397959184,0.010916976,Steel
0.1,2.397959184,0.009619652,Glue
0.1,2.397959184,0.012015319,Carbon
0.1,2.397959184,0.012765156,ThermalProtection
0.1,2.448979592,0.009977846,Steel
0.1,2.448979592,0.011358139,Glue
0.1,2.448979592,0.010337264,Carbon
0.1,2.448979592,0.007492474,ThermalProtection
0.1,2.5,0.006781278,Steel
0.1,2.5,0.014179589,Glue
0.1,2.5,0.014803889,Carbon
0.1,2.5,0.009330221,ThermalProtection
0.2,0,0.01190132,Steel
0.2,0,0.017142831,Glue
0.2,0,0.011757098,Carbon
0.2,0,0.013353023,ThermalProtection
0.2,0.051020408,0.011085526,Steel
0.2,0.051020408,0.015961638,Glue
0.2,0.051020408,0.013341868,Carbon
0.2,0.051020408,0.015520525,ThermalProtection
0.2,0.102040816,0.014089208,Steel
0.2,0.102040816,0.012154187,Glue
0.2,0.102040816,0.012397916,Carbon
0.2,0.102040816,0.0091956,ThermalProtection
0.2,0.153061224,0.014640789,Steel
0.2,0.153061224,0.013184186,Glue
0.2,0.153061224,0.013562708,Carbon
0.2,0.153061224,0.012537689,ThermalProtection
0.2,0.204081633,0.011536854,Steel
0.2,0.204081633,0.017719205,Glue
0.2,0.204081633,0.012699123,Carbon
0.2,0.204081633,0.018264852,ThermalProtection
0.2,0.255102041,0.014405814,Steel
0.2,0.255102041,0.014871751,Glue
0.2,0.255102041,0.011395857,Carbon
0.2,0.255102041,0.014091762,ThermalProtection
0.2,0.306122449,0.013588438,Steel
0.2,0.306122449,0.013955968,Glue
0.2,0.306122449,0.01178818,Carbon
0.2,0.306122449,0.01640636,ThermalProtection
0.2,0.357142857,0.013709965,Steel
0.2,0.357142857,0.012964318,Glue
0.2,0.357142857,0.013843541,Carbon
0.2,0.357142857,0.015077223,ThermalProtection
0.2,0.408163265,0.016541366,Steel
0.2,0.408163265,0.012781458,Glue
0.2,0.408163265,0.011883696,Carbon
0.2,0.408163265,0.011490684,ThermalProtection
0.2,0.459183673,0.015514623,Steel
0.2,0.459183673,0.010221093,Glue
0.2,0.459183673,0.019684498,Carbon
0.2,0.459183673,0.014152516,ThermalProtection
0.2,0.510204082,0.014792344,Steel
0.2,0.510204082,0.011860696,Glue
0.2,0.510204082,0.015040815,Carbon
0.2,0.510204082,0.014163267,ThermalProtection
0.2,0.56122449,0.013267759,Steel
0.2,0.56122449,0.017019481,Glue
0.2,0.56122449,0.011764926,Carbon
0.2,0.56122449,0.01854111,ThermalProtection
0.2,0.612244898,0.011718724,Steel
0.2,0.612244898,0.014048765,Glue
0.2,0.612244898,0.01487825,Carbon
0.2,0.612244898,0.010613035,ThermalProtection
0.2,0.663265306,0.015255604,Steel
0.2,0.663265306,0.015168537,Glue
0.2,0.663265306,0.014197046,Carbon
0.2,0.663265306,0.011740836,ThermalProtection
0.2,0.714285714,0.013374511,Steel
0.2,0.714285714,0.014768554,Glue
0.2,0.714285714,0.018316123,Carbon
0.2,0.714285714,0.014787514,ThermalProtection
0.2,0.765306122,0.01447376,Steel
0.2,0.765306122,0.011942152,Glue
0.2,0.765306122,0.014018675,Carbon
0.2,0.765306122,0.012250002,ThermalProtection
0.2,0.816326531,0.014940643,Steel
0.2,0.816326531,0.013352696,Glue
0.2,0.816326531,0.014358278,Carbon
0.2,0.816326531,0.011661931,ThermalProtection
0.2,0.867346939,0.009527012,Steel
0.2,0.867346939,0.015212643,Glue
0.2,0.867346939,0.013750293,Carbon
0.2,0.867346939,0.013439633,ThermalProtection
0.2,0.918367347,0.012755008,Steel
0.2,0.918367347,0.010236376,Glue
0.2,0.918367347,0.009015074,Carbon
0.2,0.918367347,0.015145252,ThermalProtection
0.2,0.969387755,0.010860065,Steel
0.2,0.969387755,0.011314083,Glue
0.2,0.969387755,0.011033754,Carbon
0.2,0.969387755,0.011440099,ThermalProtection
0.2,1.020408163,0.009339561,Steel
0.2,1.020408163,0.009690949,Glue
0.2,1.020408163,0.011910177,Carbon
0.2,1.020408163,0.008407805,ThermalProtection
0.2,1.071428571,0.010299221,Steel
0.2,1.071428571,0.013230183,Glue
0.2,1.071428571,0.007804107,Carbon
0.2,1.071428571,0.014602099,ThermalProtection
0.2,1.12244898,0.006368584,Steel
0.2,1.12244898,0.010480443,Glue
0.2,1.12244898,0.011027153,Carbon
0.2,1.12244898,0.010083402,ThermalProtection
0.2,1.173469388,0.010891191,Steel
0.2,1.173469388,0.009349464,Glue
0.2,1.173469388,0.007447992,Carbon
0.2,1.173469388,0.011523668,ThermalProtection
0.2,1.224489796,0.00920458,Steel
0.2,1.224489796,0.007126739,Glue
0.2,1.224489796,0.010111022,Carbon
0.2,1.224489796,0.006467354,ThermalProtection
0.2,1.275510204,0.010733438,Steel
0.2,1.275510204,0.0109689,Glue
0.2,1.275510204,0.007772186,Carbon
0.2,1.275510204,0.007859134,ThermalProtection
0.2,1.326530612,0.007212897,Steel
0.2,1.326530612,0.007960292,Glue
0.2,1.326530612,0.006693835,Carbon
0.2,1.326530612,0.010329976,ThermalProtection
0.2,1.37755102,0.006047356,Steel
0.2,1.37755102,0.008519046,Glue
0.2,1.37755102,0.009112261,Carbon
0.2,1.37755102,0.004938977,ThermalProtection
0.2,1.428571429,0.005887087,Steel
0.2,1.428571429,0.003732539,Glue
0.2,1.428571429,0.004903243,Carbon
0.2,1.428571429,0.008270801,ThermalProtection
0.2,1.479591837,0.005318918,Steel
0.2,1.479591837,0.004886812,Glue
0.2,1.479591837,0.006141838,Carbon
0.2,1.479591837,0.005489364,ThermalProtection
0.2,1.530612245,0.005825354,Steel
0.2,1.530612245,0.004141736,Glue
0.2,1.530612245,0.004679762,Carbon
0.2,1.530612245,0.005495806,ThermalProtection
0.2,1.581632653,0.00500261,Steel
0.2,1.581632653,0.003206384,Glue
0.2,1.581632653,0.008014789,Carbon
0.2,1.581632653,0.008390854,ThermalProtection
0.2,1.632653061,0.006788325,Steel
0.2,1.632653061,0.007042574,Glue
0.2,1.632653061,0.001597339,Carbon
0.2,1.632653061,0.003267204,ThermalProtection
0.2,1.683673469,6.37E-05,Steel
0.2,1.683673469,0.004900855,Glue
0.2,1.683673469,0.00365898,Carbon
0.2,1.683673469,0.005879783,ThermalProtection
0.2,1.734693878,0.00580738,Steel
0.2,1.734693878,0.008730996,Glue
0.2,1.734693878,0.003214297,Carbon
0.2,1.734693878,0.004850347,ThermalProtection
0.2,1.785714286,0.000875083,Steel
0.2,1.785714286,0.00355399,Glue
0.2,1.785714286,0.000877855,Carbon
0.2,1.785714286,0.00975286,ThermalProtection
0.2,1.836734694,0.009583213,Steel
0.2,1.836734694,0.007329874,Glue
0.2,1.836734694,0.006695014,Carbon
0.2,1.836734694,0.003741073,ThermalProtection
0.2,1.887755102,0.008055372,Steel
0.2,1.887755102,0.00513403,Glue
0.2,1.887755102,0.002346651,Carbon
0.2,1.887755102,0.007992721,ThermalProtection
0.2,1.93877551,0.007455304,Steel
0.2,1.93877551,0.006812283,Glue
0.2,1.93877551,0.007128817,Carbon
0.2,1.93877551,0.003310761,ThermalProtection
0.2,1.989795918,0.004640801,Steel
0.2,1.989795918,0.00523803,Glue
0.2,1.989795918,0.006978172,Carbon
0.2,1.989795918,0.00562914,ThermalProtection
0.2,2.040816327,0.003810021,Steel
0.2,2.040816327,0.00187036,Glue
0.2,2.040816327,0.005946497,Carbon
0.2,2.040816327,0.005509061,ThermalProtection
0.2,2.091836735,0.008627085,Steel
0.2,2.091836735,0.007418477,Glue
0.2,2.091836735,0.004382075,Carbon
0.2,2.091836735,0.010494416,ThermalProtection
0.2,2.142857143,0.003584803,Steel
0.2,2.142857143,0.008333692,Glue
0.2,2.142857143,0.008513064,Carbon
0.2,2.142857143,0.00722385,ThermalProtection
0.2,2.193877551,0.013446291,Steel
0.2,2.193877551,0.005506184,Glue
0.2,2.193877551,0.011207961,Carbon
0.2,2.193877551,0.008758134,ThermalProtection
0.2,2.244897959,0.008960001,Steel
0.2,2.244897959,0.007656123,Glue
0.2,2.244897959,0.009111455,Carbon
0.2,2.244897959,0.00869232,ThermalProtection
0.2,2.295918367,0.009995429,Steel
0.2,2.295918367,0.011167701,Glue
0.2,2.295918367,0.009412772,Carbon
0.2,2.295918367,0.00919877,ThermalProtection
0.2,2.346938776,0.008001994,Steel
0.2,2.346938776,0.010162996,Glue
0.2,2.346938776,0.013315774,Carbon
0.2,2.346938776,0.011314134,ThermalProtection
0.2,2.397959184,0.007890465,Steel
0.2,2.397959184,0.010601527,Glue
0.2,2.397959184,0.010416082,Carbon
0.2,2.397959184,0.01150965,ThermalProtection
0.2,2.448979592,0.01250364,Steel
0.2,2.448979592,0.009755977,Glue
0.2,2.448979592,0.010624568,Carbon
0.2,2.448979592,0.011498541,ThermalProtection
0.2,2.5,0.010851768,Steel
0.2,2.5,0.010289324,Glue
0.2,2.5,0.012709193,Carbon
0.2,2.5,0.01091117,ThermalProtection
0.3,0,0.014732341,Steel
0.3,0,0.011141744,Glue
0.3,0,0.012806836,Carbon
0.3,0,0.012362378,ThermalProtection
0.3,0.051020408,0.016556244,Steel
0.3,0.051020408,0.011439316,Glue
0.3,0.051020408,0.015081915,Carbon
0.3,0.051020408,0.014879327,ThermalProtection
0.3,0.102040816,0.012025004,Steel
0.3,0.102040816,0.011980051,Glue
0.3,0.102040816,0.013839497,Carbon
0.3,0.102040816,0.015840616,ThermalProtection
0.3,0.153061224,0.011554112,Steel
0.3,0.153061224,0.011788394,Glue
0.3,0.153061224,0.015841552,Carbon
0.3,0.153061224,0.012252221,ThermalProtection
0.3,0.204081633,0.01359765,Steel
0.3,0.204081633,0.018835645,Glue
0.3,0.204081633,0.011125213,Carbon
0.3,0.204081633,0.014774962,ThermalProtection
0.3,0.255102041,0.013463504,Steel
0.3,0.255102041,0.014890564,Glue
0.3,0.255102041,0.014482109,Carbon
0.3,0.255102041,0.013823545,ThermalProtection
0.3,0.306122449,0.015049454,Steel
0.3,0.306122449,0.015188636,Glue
0.3,0.306122449,0.018315954,Carbon
0.3,0.306122449,0.019611942,ThermalProtection
0.3,0.357142857,0.015959742,Steel
0.3,0.357142857,0.012032782,Glue
0.3,0.357142857,0.014474287,Carbon
0.3,0.357142857,0.013475867,ThermalProtection
0.3,0.408163265,0.012552344,Steel
0.3,0.408163265,0.010825178,Glue
0.3,0.408163265,0.017271221,Carbon
0.3,0.408163265,0.014213472,ThermalProtection
0.3,0.459183673,0.01521017,Steel
0.3,0.459183673,0.016673463,Glue
0.3,0.459183673,0.013336317,Carbon
0.3,0.459183673,0.015608906,ThermalProtection
0.3,0.510204082,0.012184261,Steel
0.3,0.510204082,0.012419014,Glue
0.3,0.510204082,0.019262014,Carbon
0.3,0.510204082,0.013948299,ThermalProtection
0.3,0.56122449,0.015241779,Steel
0.3,0.56122449,0.017841957,Glue
0.3,0.56122449,0.013210234,Carbon
0.3,0.56122449,0.014186845,ThermalProtection
0.3,0.612244898,0.013152262,Steel
0.3,0.612244898,0.013579226,Glue
0.3,0.612244898,0.010620994,Carbon
0.3,0.612244898,0.015996354,ThermalProtection
0.3,0.663265306,0.012441939,Steel
0.3,0.663265306,0.015202266,Glue
0.3,0.663265306,0.013099115,Carbon
0.3,0.663265306,0.011563884,ThermalProtection
0.3,0.714285714,0.010445139,Steel
0.3,0.714285714,0.012930847,Glue
0.3,0.714285714,0.015006058,Carbon
0.3,0.714285714,0.016644371,ThermalProtection
0.3,0.765306122,0.015592173,Steel
0.3,0.765306122,0.010423042,Glue
0.3,0.765306122,0.016770251,Carbon
0.3,0.765306122,0.009928098,ThermalProtection
0.3,0.816326531,0.011824583,Steel
0.3,0.816326531,0.012901553,Glue
0.3,0.816326531,0.013950103,Carbon
0.3,0.816326531,0.012334754,ThermalProtection
0.3,0.867346939,0.012273751,Steel
0.3,0.867346939,0.009465476,Glue
0.3,0.867346939,0.014013999,Carbon
0.3,0.867346939,0.014086079,ThermalProtection
0.3,0.918367347,0.013147745,Steel
0.3,0.918367347,0.008312172,Glue
0.3,0.918367347,0.009928824,Carbon
0.3,0.918367347,0.011665982,ThermalProtection
0.3,0.969387755,0.011513937,Steel
0.3,0.969387755,0.009939841,Glue
0.3,0.969387755,0.011003197,Carbon
0.3,0.969387755,0.010705052,ThermalProtection
0.3,1.020408163,0.008924572,Steel
0.3,1.020408163,0.012999959,Glue
0.3,1.020408163,0.011317113,Carbon
0.3,1.020408163,0.005347663,ThermalProtection
0.3,1.071428571,0.007250776,Steel
0.3,1.071428571,0.006353678,Glue
0.3,1.071428571,0.010677279,Carbon
0.3,1.071428571,0.01424499,ThermalProtection
0.3,1.12244898,0.012936895,Steel
0.3,1.12244898,0.009356891,Glue
0.3,1.12244898,0.009525335,Carbon
0.3,1.12244898,0.010171896,ThermalProtection
0.3,1.173469388,0.006461025,Steel
0.3,1.173469388,0.008980391,Glue
0.3,1.173469388,0.005350572,Carbon
0.3,1.173469388,0.00823191,ThermalProtection
0.3,1.224489796,0.010029649,Steel
0.3,1.224489796,0.005222684,Glue
0.3,1.224489796,0.008643654,Carbon
0.3,1.224489796,0.005712019,ThermalProtection
0.3,1.275510204,0.008813956,Steel
0.3,1.275510204,0.00964101,Glue
0.3,1.275510204,0.00784624,Carbon
0.3,1.275510204,0.009962397,ThermalProtection
0.3,1.326530612,0.005940289,Steel
0.3,1.326530612,0.006542628,Glue
0.3,1.326530612,0.006827196,Carbon
0.3,1.326530612,0.005900162,ThermalProtection
0.3,1.37755102,0.005103653,Steel
0.3,1.37755102,0.005034175,Glue
0.3,1.37755102,0.004086408,Carbon
0.3,1.37755102,0.005003072,ThermalProtection
0.3,1.428571429,0.007286542,Steel
0.3,1.428571429,0.008389201,Glue
0.3,1.428571429,0.004467633,Carbon
0.3,1.428571429,0.006814529,ThermalProtection
0.3,1.479591837,0.002771902,Steel
0.3,1.479591837,0.003012841,Glue
0.3,1.479591837,0.005005031,Carbon
0.3,1.479591837,0.003941411,ThermalProtection
0.3,1.530612245,0.008271073,Steel
0.3,1.530612245,0.001134339,Glue
0.3,1.530612245,0.004802846,Carbon
0.3,1.530612245,0.004974743,ThermalProtection
0.3,1.581632653,0.004423587,Steel
0.3,1.581632653,0.000118412,Glue
0.3,1.581632653,0.001601426,Carbon
0.3,1.581632653,0.005820258,ThermalProtection
0.3,1.632653061,0.005285669,Steel
0.3,1.632653061,0.008482389,Glue
0.3,1.632653061,0.005176641,Carbon
0.3,1.632653061,0.001351148,ThermalProtection
0.3,1.683673469,0.006372656,Steel
0.3,1.683673469,0.003833472,Glue
0.3,1.683673469,0.004378898,Carbon
0.3,1.683673469,0.004432303,ThermalProtection
0.3,1.734693878,0.004556079,Steel
0.3,1.734693878,0.00572409,Glue
0.3,1.734693878,0.001678982,Carbon
0.3,1.734693878,0.007951357,ThermalProtection
0.3,1.785714286,0.00732782,Steel
0.3,1.785714286,0.006035792,Glue
0.3,1.785714286,0.011295469,Carbon
0.3,1.785714286,0.006590435,ThermalProtection
0.3,1.836734694,0.007160085,Steel
0.3,1.836734694,0.0067639,Glue
0.3,1.836734694,0.003906844,Carbon
0.3,1.836734694,0.001135021,ThermalProtection
0.3,1.887755102,0.006454992,Steel
0.3,1.887755102,0.004357216,Glue
0.3,1.887755102,0.009727235,Carbon
0.3,1.887755102,0.005086717,ThermalProtection
0.3,1.93877551,0.00543338,Steel
0.3,1.93877551,0.004685615,Glue
0.3,1.93877551,0.004826146,Carbon
0.3,1.93877551,0.005280533,ThermalProtection
0.3,1.989795918,0.004171051,Steel
0.3,1.989795918,0.004061839,Glue
0.3,1.989795918,0.009064742,Carbon
0.3,1.989795918,0.003047099,ThermalProtection
0.3,2.040816327,0.006048093,Steel
0.3,2.040816327,0.005838902,Glue
0.3,2.040816327,0.009165115,Carbon
0.3,2.040816327,0.008116266,ThermalProtection
0.3,2.091836735,0.006979503,Steel
0.3,2.091836735,0.006267908,Glue
0.3,2.091836735,0.007713209,Carbon
0.3,2.091836735,0.007270163,ThermalProtection
0.3,2.142857143,0.007983943,Steel
0.3,2.142857143,0.011180311,Glue
0.3,2.142857143,0.009317107,Carbon
0.3,2.142857143,0.011190107,ThermalProtection
0.3,2.193877551,0.009138019,Steel
0.3,2.193877551,0.009996608,Glue
0.3,2.193877551,0.009063206,Carbon
0.3,2.193877551,0.007895882,ThermalProtection
0.3,2.244897959,0.008789486,Steel
0.3,2.244897959,0.008477096,Glue
0.3,2.244897959,0.013331009,Carbon
0.3,2.244897959,0.010943427,ThermalProtection
0.3,2.295918367,0.01289441,Steel
0.3,2.295918367,0.013755405,Glue
0.3,2.295918367,0.009277192,Carbon
0.3,2.295918367,0.010088706,ThermalProtection
0.3,2.346938776,0.007756353,Steel
0.3,2.346938776,0.013029134,Glue
0.3,2.346938776,0.011178819,Carbon
0.3,2.346938776,0.011632617,ThermalProtection
0.3,2.397959184,0.015080492,Steel
0.3,2.397959184,0.01005692,Glue
0.3,2.397959184,0.010502314,Carbon
0.3,2.397959184,0.013965283,ThermalProtection
0.3,2.448979592,0.014871638,Steel
0.3,2.448979592,0.01211122,Glue
0.3,2.448979592,0.010832009,Carbon
0.3,2.448979592,0.012509799,ThermalProtection
0.3,2.5,0.013966554,Steel
0.3,2.5,0.01391912,Glue
0.3,2.5,0.014231107,Carbon
0.3,2.5,0.013207331,ThermalProtection
0.4,0,0.011921094,Steel
0.4,0,0.014170492,Glue
0.4,0,0.012194253,Carbon
0.4,0,0.01368353,ThermalProtection
0.4,0.051020408,0.015347495,Steel
0.4,0.051020408,0.016816177,Glue
0.4,0.051020408,0.012115988,Carbon
0.4,0.051020408,0.014721233,ThermalProtection
0.4,0.102040816,0.012167373,Steel
0.4,0.102040816,0.01244012,Glue
0.4,0.102040816,0.014931461,Carbon
0.4,0.102040816,0.015581058,ThermalProtection
0.4,0.153061224,0.01565272,Steel
0.4,0.153061224,0.013474879,Glue
0.4,0.153061224,0.018719852,Carbon
0.4,0.153061224,0.015382794,ThermalProtection
0.4,0.204081633,0.013905892,Steel
0.4,0.204081633,0.016129988,Glue
0.4,0.204081633,0.015182006,Carbon
0.4,0.204081633,0.010459586,ThermalProtection
0.4,0.255102041,0.014399137,Steel
0.4,0.255102041,0.014198896,Glue
0.4,0.255102041,0.015439497,Carbon
0.4,0.255102041,0.015545055,ThermalProtection
0.4,0.306122449,0.012985118,Steel
0.4,0.306122449,0.017697972,Glue
0.4,0.306122449,0.013320319,Carbon
0.4,0.306122449,0.011958503,ThermalProtection
0.4,0.357142857,0.01497811,Steel
0.4,0.357142857,0.013785899,Glue
0.4,0.357142857,0.01447245,Carbon
0.4,0.357142857,0.013390166,ThermalProtection
0.4,0.408163265,0.011881074,Steel
0.4,0.408163265,0.016133857,Glue
0.4,0.408163265,0.013905385,Carbon
0.4,0.408163265,0.017993126,ThermalProtection
0.4,0.459183673,0.014964454,Steel
0.4,0.459183673,0.014794278,Glue
0.4,0.459183673,0.019714579,Carbon
0.4,0.459183673,0.010431795,ThermalProtection
0.4,0.510204082,0.014672275,Steel
0.4,0.510204082,0.014938853,Glue
0.4,0.510204082,0.01001993,Carbon
0.4,0.510204082,0.015699935,ThermalProtection
0.4,0.56122449,0.015815097,Steel
0.4,0.56122449,0.013790898,Glue
0.4,0.56122449,0.016141903,Carbon
0.4,0.56122449,0.013013692,ThermalProtection
0.4,0.612244898,0.011643416,Steel
0.4,0.612244898,0.015665532,Glue
0.4,0.612244898,0.012177476,Carbon
0.4,0.612244898,0.013092626,ThermalProtection
0.4,0.663265306,0.014834035,Steel
0.4,0.663265306,0.011869378,Glue
0.4,0.663265306,0.015290967,Carbon
0.4,0.663265306,0.005775037,ThermalProtection
0.4,0.714285714,0.014366074,Steel
0.4,0.714285714,0.01141092,Glue
0.4,0.714285714,0.010557844,Carbon
0.4,0.714285714,0.013209169,ThermalProtection
0.4,0.765306122,0.013128462,Steel
0.4,0.765306122,0.015783118,Glue
0.4,0.765306122,0.0135768,Carbon
0.4,0.765306122,0.014922576,ThermalProtection
0.4,0.816326531,0.012163701,Steel
0.4,0.816326531,0.009978334,Glue
0.4,0.816326531,0.009911858,Carbon
0.4,0.816326531,0.013548708,ThermalProtection
0.4,0.867346939,0.013651736,Steel
0.4,0.867346939,0.008467942,Glue
0.4,0.867346939,0.009894803,Carbon
0.4,0.867346939,0.011699792,ThermalProtection
0.4,0.918367347,0.010073954,Steel
0.4,0.918367347,0.011146031,Glue
0.4,0.918367347,0.00979518,Carbon
0.4,0.918367347,0.009360021,ThermalProtection
0.4,0.969387755,0.008751909,Steel
0.4,0.969387755,0.009689211,Glue
0.4,0.969387755,0.00813775,Carbon
0.4,0.969387755,0.008741171,ThermalProtection
0.4,1.020408163,0.007287323,Steel
0.4,1.020408163,0.008690929,Glue
0.4,1.020408163,0.009355802,Carbon
0.4,1.020408163,0.008178224,ThermalProtection
0.4,1.071428571,0.007128262,Steel
0.4,1.071428571,0.006210366,Glue
0.4,1.071428571,0.00282168,Carbon
0.4,1.071428571,0.005673327,ThermalProtection
0.4,1.12244898,0.010012522,Steel
0.4,1.12244898,0.007745879,Glue
0.4,1.12244898,0.008969614,Carbon
0.4,1.12244898,0.010945855,ThermalProtection
0.4,1.173469388,0.006352638,Steel
0.4,1.173469388,0.005478406,Glue
0.4,1.173469388,0.008415144,Carbon
0.4,1.173469388,0.006095326,ThermalProtection
0.4,1.224489796,0.005232885,Steel
0.4,1.224489796,0.005861205,Glue
0.4,1.224489796,0.010095808,Carbon
0.4,1.224489796,0.008580543,ThermalProtection
0.4,1.275510204,0.006934426,Steel
0.4,1.275510204,0.005333513,Glue
0.4,1.275510204,0.006506593,Carbon
0.4,1.275510204,0.005132496,ThermalProtection
0.4,1.326530612,0.00595545,Steel
0.4,1.326530612,0.005422848,Glue
0.4,1.326530612,0.005602281,Carbon
0.4,1.326530612,0.00599452,ThermalProtection
0.4,1.37755102,0.004686021,Steel
0.4,1.37755102,0.003590507,Glue
0.4,1.37755102,0.005979156,Carbon
0.4,1.37755102,0.006958146,ThermalProtection
0.4,1.428571429,0.007297958,Steel
0.4,1.428571429,0.003744199,Glue
0.4,1.428571429,0.006069953,Carbon
0.4,1.428571429,0.000375034,ThermalProtection
0.4,1.479591837,0.000767403,Steel
0.4,1.479591837,0.0048658,Glue
0.4,1.479591837,0.009492705,Carbon
0.4,1.479591837,0.008737186,ThermalProtection
0.4,1.530612245,0.004330071,Steel
0.4,1.530612245,0.005081426,Glue
0.4,1.530612245,0.00329163,Carbon
0.4,1.530612245,0.001146243,ThermalProtection
0.4,1.581632653,0.006375944,Steel
0.4,1.581632653,0.002206363,Glue
0.4,1.581632653,0.00098915,Carbon
0.4,1.581632653,0.004682043,ThermalProtection
0.4,1.632653061,0.003430655,Steel
0.4,1.632653061,0.00441562,Glue
0.4,1.632653061,0.002731721,Carbon
0.4,1.632653061,0.005332034,ThermalProtection
0.4,1.683673469,0.006551945,Steel
0.4,1.683673469,0.006423182,Glue
0.4,1.683673469,0.00531734,Carbon
0.4,1.683673469,0.00707592,ThermalProtection
0.4,1.734693878,0.005615985,Steel
0.4,1.734693878,0.005361575,Glue
0.4,1.734693878,0.004914799,Carbon
0.4,1.734693878,0.006703612,ThermalProtection
0.4,1.785714286,0.006392113,Steel
0.4,1.785714286,0.010459208,Glue
0.4,1.785714286,0.008449039,Carbon
0.4,1.785714286,0.007985401,ThermalProtection
0.4,1.836734694,0.007700441,Steel
0.4,1.836734694,0.005059076,Glue
0.4,1.836734694,0.006033574,Carbon
0.4,1.836734694,0.009196349,ThermalProtection
0.4,1.887755102,0.005758162,Steel
0.4,1.887755102,0.004745628,Glue
0.4,1.887755102,0.006515378,Carbon
0.4,1.887755102,0.006122903,ThermalProtection
0.4,1.93877551,0.004586206,Steel
0.4,1.93877551,0.006644305,Glue
0.4,1.93877551,0.007037562,Carbon
0.4,1.93877551,0.01064747,ThermalProtection
0.4,1.989795918,0.0074292,Steel
0.4,1.989795918,0.005262625,Glue
0.4,1.989795918,0.004936972,Carbon
0.4,1.989795918,0.006339646,ThermalProtection
0.4,2.040816327,0.012026265,Steel
0.4,2.040816327,0.010982054,Glue
0.4,2.040816327,0.008335679,Carbon
0.4,2.040816327,0.009272608,ThermalProtection
0.4,2.091836735,0.007820006,Steel
0.4,2.091836735,0.009370317,Glue
0.4,2.091836735,0.007838698,Carbon
0.4,2.091836735,0.009994424,ThermalProtection
0.4,2.142857143,0.007922938,Steel
0.4,2.142857143,0.010035353,Glue
0.4,2.142857143,0.010422636,Carbon
0.4,2.142857143,0.00990127,ThermalProtection
0.4,2.193877551,0.00535841,Steel
0.4,2.193877551,0.012505145,Glue
0.4,2.193877551,0.011202543,Carbon
0.4,2.193877551,0.00937832,ThermalProtection
0.4,2.244897959,0.010308886,Steel
0.4,2.244897959,0.012390451,Glue
0.4,2.244897959,0.013071528,Carbon
0.4,2.244897959,0.010708131,ThermalProtection
0.4,2.295918367,0.011279247,Steel
0.4,2.295918367,0.014984493,Glue
0.4,2.295918367,0.011286892,Carbon
0.4,2.295918367,0.012314968,ThermalProtection
0.4,2.346938776,0.010660182,Steel
0.4,2.346938776,0.012184909,Glue
0.4,2.346938776,0.012951794,Carbon
0.4,2.346938776,0.015876675,ThermalProtection
0.4,2.397959184,0.013661617,Steel
0.4,2.397959184,0.011015767,Glue
0.4,2.397959184,0.014219216,Carbon
0.4,2.397959184,0.014859848,ThermalProtection
0.4,2.448979592,0.01704747,Steel
0.4,2.448979592,0.015009681,Glue
0.4,2.448979592,0.010721899,Carbon
0.4,2.448979592,0.010731718,ThermalProtection
0.4,2.5,0.014089793,Steel
0.4,2.5,0.011409998,Glue
0.4,2.5,0.008429632,Carbon
0.4,2.5,0.017710236,ThermalProtection
0.5,0,0.014925543,Steel
0.5,0,0.016614138,Glue
0.5,0,0.017487424,Carbon
0.5,0,0.016065737,ThermalProtection
0.5,0.051020408,0.013457174,Steel
0.5,0.051020408,0.017883512,Glue
0.5,0.051020408,0.017121227,Carbon
0.5,0.051020408,0.014277138,ThermalProtection
0.5,0.102040816,0.016063163,Steel
0.5,0.102040816,0.012369004,Glue
0.5,0.102040816,0.011725115,Carbon
0.5,0.102040816,0.01521436,ThermalProtection
0.5,0.153061224,0.013391632,Steel
0.5,0.153061224,0.014542875,Glue
0.5,0.153061224,0.014549962,Carbon
0.5,0.153061224,0.017439714,ThermalProtection
0.5,0.204081633,0.014800469,Steel
0.5,0.204081633,0.015855596,Glue
0.5,0.204081633,0.010958784,Carbon
0.5,0.204081633,0.017206699,ThermalProtection
0.5,0.255102041,0.015609793,Steel
0.5,0.255102041,0.014867635,Glue
0.5,0.255102041,0.013017795,Carbon
0.5,0.255102041,0.012703934,ThermalProtection
0.5,0.306122449,0.018589971,Steel
0.5,0.306122449,0.01363336,Glue
0.5,0.306122449,0.015067152,Carbon
0.5,0.306122449,0.01141456,ThermalProtection
0.5,0.357142857,0.015961952,Steel
0.5,0.357142857,0.012282904,Glue
0.5,0.357142857,0.015301207,Carbon
0.5,0.357142857,0.015885426,ThermalProtection
0.5,0.408163265,0.014016919,Steel
0.5,0.408163265,0.011972362,Glue
0.5,0.408163265,0.015583644,Carbon
0.5,0.408163265,0.014671434,ThermalProtection
0.5,0.459183673,0.013063893,Steel
0.5,0.459183673,0.014106874,Glue
0.5,0.459183673,0.016396147,Carbon
0.5,0.459183673,0.013565085,ThermalProtection
0.5,0.510204082,0.014505359,Steel
0.5,0.510204082,0.009111734,Glue
0.5,0.510204082,0.011217516,Carbon
0.5,0.510204082,0.014177626,ThermalProtection
0.5,0.56122449,0.011984048,Steel
0.5,0.56122449,0.013183686,Glue
0.5,0.56122449,0.015560972,Carbon
0.5,0.56122449,0.01248514,ThermalProtection
0.5,0.612244898,0.011453243,Steel
0.5,0.612244898,0.011742124,Glue
0.5,0.612244898,0.017077363,Carbon
0.5,0.612244898,0.013361315,ThermalProtection
0.5,0.663265306,0.012262466,Steel
0.5,0.663265306,0.013341643,Glue
0.5,0.663265306,0.009320518,Carbon
0.5,0.663265306,0.012162756,ThermalProtection
0.5,0.714285714,0.012766747,Steel
0.5,0.714285714,0.011301743,Glue
0.5,0.714285714,0.016364344,Carbon
0.5,0.714285714,0.008775462,ThermalProtection
0.5,0.765306122,0.01130494,Steel
0.5,0.765306122,0.009757409,Glue
0.5,0.765306122,0.013898951,Carbon
0.5,0.765306122,0.009029101,ThermalProtection
0.5,0.816326531,0.012345233,Steel
0.5,0.816326531,0.009363076,Glue
0.5,0.816326531,0.010668776,Carbon
0.5,0.816326531,0.010516739,ThermalProtection
0.5,0.867346939,0.009406999,Steel
0.5,0.867346939,0.014346962,Glue
0.5,0.867346939,0.009502096,Carbon
0.5,0.867346939,0.010000284,ThermalProtection
0.5,0.918367347,0.010417227,Steel
0.5,0.918367347,0.010038706,Glue
0.5,0.918367347,0.01053262,Carbon
0.5,0.918367347,0.007511514,ThermalProtection
0.5,0.969387755,0.007885444,Steel
0.5,0.969387755,0.008918811,Glue
0.5,0.969387755,0.011899006,Carbon
0.5,0.969387755,0.011126916,ThermalProtection
0.5,1.020408163,0.00981051,Steel
0.5,1.020408163,0.009564983,Glue
0.5,1.020408163,0.008692566,Carbon
0.5,1.020408163,0.007845806,ThermalProtection
0.5,1.071428571,0.00536474,Steel
0.5,1.071428571,0.009088622,Glue
0.5,1.071428571,0.008958133,Carbon
0.5,1.071428571,0.007084788,ThermalProtection
0.5,1.12244898,0.007238289,Steel
0.5,1.12244898,0.006094774,Glue
0.5,1.12244898,0.010639613,Carbon
0.5,1.12244898,0.008294607,ThermalProtection
0.5,1.173469388,0.008733641,Steel
0.5,1.173469388,0.003097413,Glue
0.5,1.173469388,0.003877442,Carbon
0.5,1.173469388,0.006828681,ThermalProtection
0.5,1.224489796,0.009108046,Steel
0.5,1.224489796,0.004458295,Glue
0.5,1.224489796,0.005949707,Carbon
0.5,1.224489796,0.005245987,ThermalProtection
0.5,1.275510204,0.008662993,Steel
0.5,1.275510204,0.005289755,Glue
0.5,1.275510204,0.005693517,Carbon
0.5,1.275510204,0.00314262,ThermalProtection
0.5,1.326530612,0.007728539,Steel
0.5,1.326530612,0.008149152,Glue
0.5,1.326530612,0.001529168,Carbon
0.5,1.326530612,0.004196281,ThermalProtection
0.5,1.37755102,0.005867234,Steel
0.5,1.37755102,0.005734855,Glue
0.5,1.37755102,0.006709872,Carbon
0.5,1.37755102,0.006726439,ThermalProtection
0.5,1.428571429,0.004263926,Steel
0.5,1.428571429,0.0076914,Glue
0.5,1.428571429,0.00784435,Carbon
0.5,1.428571429,0.006580117,ThermalProtection
0.5,1.479591837,0.004219148,Steel
0.5,1.479591837,0.003449738,Glue
0.5,1.479591837,0.003252036,Carbon
0.5,1.479591837,0.006153726,ThermalProtection
0.5,1.530612245,0.004942939,Steel
0.5,1.530612245,0.006038067,Glue
0.5,1.530612245,0.001195543,Carbon
0.5,1.530612245,0.004316094,ThermalProtection
0.5,1.581632653,0.009557162,Steel
0.5,1.581632653,0.004952459,Glue
0.5,1.581632653,0.007382611,Carbon
0.5,1.581632653,0.006337426,ThermalProtection
0.5,1.632653061,0.007147498,Steel
0.5,1.632653061,0.004786405,Glue
0.5,1.632653061,0.005735099,Carbon
0.5,1.632653061,0.007157313,ThermalProtection
0.5,1.683673469,0.002108067,Steel
0.5,1.683673469,0.006114009,Glue
0.5,1.683673469,0.004622889,Carbon
0.5,1.683673469,0.004646054,ThermalProtection
0.5,1.734693878,0.008185015,Steel
0.5,1.734693878,0.004876955,Glue
0.5,1.734693878,0.005322022,Carbon
0.5,1.734693878,0.006685307,ThermalProtection
0.5,1.785714286,0.002746721,Steel
0.5,1.785714286,0.008433165,Glue
0.5,1.785714286,0.005137334,Carbon
0.5,1.785714286,0.002843491,ThermalProtection
0.5,1.836734694,0.007310058,Steel
0.5,1.836734694,0.009500533,Glue
0.5,1.836734694,0.007755185,Carbon
0.5,1.836734694,0.008214938,ThermalProtection
0.5,1.887755102,0.006942461,Steel
0.5,1.887755102,0.009879407,Glue
0.5,1.887755102,0.012371756,Carbon
0.5,1.887755102,0.007339732,ThermalProtection
0.5,1.93877551,0.011893419,Steel
0.5,1.93877551,0.012347069,Glue
0.5,1.93877551,0.010077436,Carbon
0.5,1.93877551,0.013238384,ThermalProtection
0.5,1.989795918,0.007295174,Steel
0.5,1.989795918,0.009285879,Glue
0.5,1.989795918,0.008694582,Carbon
0.5,1.989795918,0.010290012,ThermalProtection
0.5,2.040816327,0.009707032,Steel
0.5,2.040816327,0.005523334,Glue
0.5,2.040816327,0.009105591,Carbon
0.5,2.040816327,0.009191953,ThermalProtection
0.5,2.091836735,0.011137884,Steel
0.5,2.091836735,0.014465905,Glue
0.5,2.091836735,0.009256675,Carbon
0.5,2.091836735,0.014691662,ThermalProtection
0.5,2.142857143,0.014386825,Steel
0.5,2.142857143,0.008895599,Glue
0.5,2.142857143,0.010805399,Carbon
0.5,2.142857143,0.010473696,ThermalProtection
0.5,2.193877551,0.009990999,Steel
0.5,2.193877551,0.013664952,Glue
0.5,2.193877551,0.014674739,Carbon
0.5,2.193877551,0.009588513,ThermalProtection
0.5,2.244897959,0.015043148,Steel
0.5,2.244897959,0.009918504,Glue
0.5,2.244897959,0.012172875,Carbon
0.5,2.244897959,0.016152099,ThermalProtection
0.5,2.295918367,0.012878267,Steel
0.5,2.295918367,0.010512433,Glue
0.5,2.295918367,0.011683002,Carbon
0.5,2.295918367,0.012773086,ThermalProtection
0.5,2.346938776,0.014099018,Steel
0.5,2.346938776,0.01254307,Glue
0.5,2.346938776,0.012365974,Carbon
0.5,2.346938776,0.010169428,ThermalProtection
0.5,2.397959184,0.014448943,Steel
0.5,2.397959184,0.01098339,Glue
0.5,2.397959184,0.014380194,Carbon
0.5,2.397959184,0.010717414,ThermalProtection
0.5,2.448979592,0.015069455,Steel
0.5,2.448979592,0.014840053,Glue
0.5,2.448979592,0.012843881,Carbon
0.5,2.448979592,0.013530354,ThermalProtection
0.5,2.5,0.017357901,Steel
0.5,2.5,0.013812309,Glue
0.5,2.5,0.014995123,Carbon
0.5,2.5,0.014036251,ThermalProtection
0.6,0,0.013735171,Steel
0.6,0,0.015901006,Glue
0.6,0,0.016821998,Carbon
0.6,0,0.011961518,ThermalProtection
0.6,0.051020408,0.012546079,Steel
0.6,0.051020408,0.01409631,Glue
0.6,0.051020408,0.014819912,Carbon
0.6,0.051020408,0.013617394,ThermalProtection
0.6,0.102040816,0.014154322,Steel
0.6,0.102040816,0.013435662,Glue
0.6,0.102040816,0.014242106,Carbon
0.6,0.102040816,0.01807551,ThermalProtection
0.6,0.153061224,0.013240452,Steel
0.6,0.153061224,0.01431434,Glue
0.6,0.153061224,0.014330295,Carbon
0.6,0.153061224,0.018916797,ThermalProtection
0.6,0.204081633,0.013041718,Steel
0.6,0.204081633,0.015583258,Glue
0.6,0.204081633,0.012734576,Carbon
0.6,0.204081633,0.012460914,ThermalProtection
0.6,0.255102041,0.016253167,Steel
0.6,0.255102041,0.014300642,Glue
0.6,0.255102041,0.013074306,Carbon
0.6,0.255102041,0.012108766,ThermalProtection
0.6,0.306122449,0.014062708,Steel
0.6,0.306122449,0.010284287,Glue
0.6,0.306122449,0.012230489,Carbon
0.6,0.306122449,0.013490376,ThermalProtection
0.6,0.357142857,0.009285379,Steel
0.6,0.357142857,0.014284789,Glue
0.6,0.357142857,0.01579473,Carbon
0.6,0.357142857,0.014810679,ThermalProtection
0.6,0.408163265,0.011946243,Steel
0.6,0.408163265,0.012277257,Glue
0.6,0.408163265,0.01442513,Carbon
0.6,0.408163265,0.013884775,ThermalProtection
0.6,0.459183673,0.013241777,Steel
0.6,0.459183673,0.015864122,Glue
0.6,0.459183673,0.01343375,Carbon
0.6,0.459183673,0.014514895,ThermalProtection
0.6,0.510204082,0.010849687,Steel
0.6,0.510204082,0.011277,Glue
0.6,0.510204082,0.009658193,Carbon
0.6,0.510204082,0.009278114,ThermalProtection
0.6,0.56122449,0.014223012,Steel
0.6,0.56122449,0.013862474,Glue
0.6,0.56122449,0.012776731,Carbon
0.6,0.56122449,0.010571396,ThermalProtection
0.6,0.612244898,0.010251248,Steel
0.6,0.612244898,0.008245402,Glue
0.6,0.612244898,0.013440467,Carbon
0.6,0.612244898,0.015249328,ThermalProtection
0.6,0.663265306,0.01286666,Steel
0.6,0.663265306,0.012201105,Glue
0.6,0.663265306,0.009679337,Carbon
0.6,0.663265306,0.012549592,ThermalProtection
0.6,0.714285714,0.008592093,Steel
0.6,0.714285714,0.009643521,Glue
0.6,0.714285714,0.01133122,Carbon
0.6,0.714285714,0.011260228,ThermalProtection
0.6,0.765306122,0.007943836,Steel
0.6,0.765306122,0.009568248,Glue
0.6,0.765306122,0.010165544,Carbon
0.6,0.765306122,0.011240298,ThermalProtection
0.6,0.816326531,0.010797536,Steel
0.6,0.816326531,0.009069769,Glue
0.6,0.816326531,0.011263772,Carbon
0.6,0.816326531,0.012707376,ThermalProtection
0.6,0.867346939,0.008089734,Steel
0.6,0.867346939,0.008315835,Glue
0.6,0.867346939,0.011909841,Carbon
0.6,0.867346939,0.003423838,ThermalProtection
0.6,0.918367347,0.009149586,Steel
0.6,0.918367347,0.009350905,Glue
0.6,0.918367347,0.008928957,Carbon
0.6,0.918367347,0.006146783,ThermalProtection
0.6,0.969387755,0.006385071,Steel
0.6,0.969387755,0.007517195,Glue
0.6,0.969387755,0.007576367,Carbon
0.6,0.969387755,0.008946253,ThermalProtection
0.6,1.020408163,0.004938228,Steel
0.6,1.020408163,0.003287511,Glue
0.6,1.020408163,0.007016966,Carbon
0.6,1.020408163,0.009501945,ThermalProtection
0.6,1.071428571,0.008226698,Steel
0.6,1.071428571,0.006373122,Glue
0.6,1.071428571,0.008670741,Carbon
0.6,1.071428571,0.003990963,ThermalProtection
0.6,1.12244898,0.006766559,Steel
0.6,1.12244898,0.004490502,Glue
0.6,1.12244898,0.000899535,Carbon
0.6,1.12244898,0.005547304,ThermalProtection
0.6,1.173469388,0.005701735,Steel
0.6,1.173469388,0.007403064,Glue
0.6,1.173469388,0.007142474,Carbon
0.6,1.173469388,0.010191874,ThermalProtection
0.6,1.224489796,0.006410379,Steel
0.6,1.224489796,0.006813043,Glue
0.6,1.224489796,0.007035422,Carbon
0.6,1.224489796,0.006690906,ThermalProtection
0.6,1.275510204,0.003767619,Steel
0.6,1.275510204,0.005158684,Glue
0.6,1.275510204,0.004508332,Carbon
0.6,1.275510204,0.005566353,ThermalProtection
0.6,1.326530612,0.004772663,Steel
0.6,1.326530612,0.007717878,Glue
0.6,1.326530612,0.005630209,Carbon
0.6,1.326530612,0.004005811,ThermalProtection
0.6,1.37755102,0.005061274,Steel
0.6,1.37755102,0.00592401,Glue
0.6,1.37755102,0.006384367,Carbon
0.6,1.37755102,0.004090721,ThermalProtection
0.6,1.428571429,0.006373073,Steel
0.6,1.428571429,0.003575512,Glue
0.6,1.428571429,0.005462599,Carbon
0.6,1.428571429,0.006075175,ThermalProtection
0.6,1.479591837,0.00073277,Steel
0.6,1.479591837,0.004462881,Glue
0.6,1.479591837,0.007802521,Carbon
0.6,1.479591837,0.00294061,ThermalProtection
0.6,1.530612245,0.002546325,Steel
0.6,1.530612245,0.008125054,Glue
0.6,1.530612245,0.005577458,Carbon
0.6,1.530612245,0.007612085,ThermalProtection
0.6,1.581632653,0.005800167,Steel
0.6,1.581632653,0.005036504,Glue
0.6,1.581632653,0.001463078,Carbon
0.6,1.581632653,0.009109082,ThermalProtection
0.6,1.632653061,0.007985442,Steel
0.6,1.632653061,0.003274642,Glue
0.6,1.632653061,0.003453376,Carbon
0.6,1.632653061,0.010044846,ThermalProtection
0.6,1.683673469,0.004991103,Steel
0.6,1.683673469,0.004478755,Glue
0.6,1.683673469,0.006761908,Carbon
0.6,1.683673469,0.007297991,ThermalProtection
0.6,1.734693878,0.006429196,Steel
0.6,1.734693878,0.00872127,Glue
0.6,1.734693878,0.006681604,Carbon
0.6,1.734693878,0.00536257,ThermalProtection
0.6,1.785714286,0.006813292,Steel
0.6,1.785714286,0.008399198,Glue
0.6,1.785714286,0.010337316,Carbon
0.6,1.785714286,0.00716127,ThermalProtection
0.6,1.836734694,0.010527096,Steel
0.6,1.836734694,0.010025021,Glue
0.6,1.836734694,0.006071486,Carbon
0.6,1.836734694,0.006961161,ThermalProtection
0.6,1.887755102,0.008564641,Steel
0.6,1.887755102,0.009934907,Glue
0.6,1.887755102,0.002113908,Carbon
0.6,1.887755102,0.009493763,ThermalProtection
0.6,1.93877551,0.007007216,Steel
0.6,1.93877551,0.007447041,Glue
0.6,1.93877551,0.012507534,Carbon
0.6,1.93877551,0.0086023,ThermalProtection
0.6,1.989795918,0.01263248,Steel
0.6,1.989795918,0.010615259,Glue
0.6,1.989795918,0.010754756,Carbon
0.6,1.989795918,0.010638558,ThermalProtection
0.6,2.040816327,0.010681574,Steel
0.6,2.040816327,0.010666912,Glue
0.6,2.040816327,0.009933692,Carbon
0.6,2.040816327,0.011920399,ThermalProtection
0.6,2.091836735,0.011946199,Steel
0.6,2.091836735,0.01127094,Glue
0.6,2.091836735,0.012371529,Carbon
0.6,2.091836735,0.011457047,ThermalProtection
0.6,2.142857143,0.00923544,Steel
0.6,2.142857143,0.016835548,Glue
0.6,2.142857143,0.009902618,Carbon
0.6,2.142857143,0.01193429,ThermalProtection
0.6,2.193877551,0.011118877,Steel
0.6,2.193877551,0.014305428,Glue
0.6,2.193877551,0.011968424,Carbon
0.6,2.193877551,0.012531656,ThermalProtection
0.6,2.244897959,0.012517761,Steel
0.6,2.244897959,0.013421006,Glue
0.6,2.244897959,0.015535218,Carbon
0.6,2.244897959,0.012047574,ThermalProtection
0.6,2.295918367,0.014025076,Steel
0.6,2.295918367,0.013057489,Glue
0.6,2.295918367,0.011431621,Carbon
0.6,2.295918367,0.011064552,ThermalProtection
0.6,2.346938776,0.014142441,Steel
0.6,2.346938776,0.013144831,Glue
0.6,2.346938776,0.013117125,Carbon
0.6,2.346938776,0.01367441,ThermalProtection
0.6,2.397959184,0.015831406,Steel
0.6,2.397959184,0.015460473,Glue
0.6,2.397959184,0.009632204,Carbon
0.6,2.397959184,0.014461036,ThermalProtection
0.6,2.448979592,0.012728665,Steel
0.6,2.448979592,0.011653141,Glue
0.6,2.448979592,0.016870561,Carbon
0.6,2.448979592,0.015430814,ThermalProtection
0.6,2.5,0.012289243,Steel
0.6,2.5,0.016742745,Glue
0.6,2.5,0.015522596,Carbon
0.6,2.5,0.014975141,ThermalProtection
0.7,0,0.012993976,Steel
0.7,0,0.014513845,Glue
0.7,0,0.013838441,Carbon
0.7,0,0.011086298,ThermalProtection
0.7,0.051020408,0.018139516,Steel
0.7,0.051020408,0.01602069,Glue
0.7,0.051020408,0.015597654,Carbon
0.7,0.051020408,0.017141043,ThermalProtection
0.7,0.102040816,0.015611321,Steel
0.7,0.102040816,0.016003055,Glue
0.7,0.102040816,0.017225233,Carbon
0.7,0.102040816,0.015904895,ThermalProtection
0.7,0.153061224,0.017579361,Steel
0.7,0.153061224,0.013583154,Glue
0.7,0.153061224,0.016612869,Carbon
0.7,0.153061224,0.01269987,ThermalProtection
0.7,0.204081633,0.018861876,Steel
0.7,0.204081633,0.014582481,Glue
0.7,0.204081633,0.014054636,Carbon
0.7,0.204081633,0.012563285,ThermalProtection
0.7,0.255102041,0.014767712,Steel
0.7,0.255102041,0.009950205,Glue
0.7,0.255102041,0.016533431,Carbon
0.7,0.255102041,0.016936013,ThermalProtection
0.7,0.306122449,0.013606635,Steel
0.7,0.306122449,0.0143608,Glue
0.7,0.306122449,0.013199066,Carbon
0.7,0.306122449,0.012484918,ThermalProtection
0.7,0.357142857,0.01518862,Steel
0.7,0.357142857,0.008374022,Glue
0.7,0.357142857,0.014129821,Carbon
0.7,0.357142857,0.011740135,ThermalProtection
0.7,0.408163265,0.011929394,Steel
0.7,0.408163265,0.014360659,Glue
0.7,0.408163265,0.013090269,Carbon
0.7,0.408163265,0.010810829,ThermalProtection
0.7,0.459183673,0.014896219,Steel
0.7,0.459183673,0.014394567,Glue
0.7,0.459183673,0.011604274,Carbon
0.7,0.459183673,0.012585023,ThermalProtection
0.7,0.510204082,0.014592136,Steel
0.7,0.510204082,0.01099133,Glue
0.7,0.510204082,0.011661118,Carbon
0.7,0.510204082,0.011725197,ThermalProtection
0.7,0.56122449,0.0082424,Steel
0.7,0.56122449,0.011780829,Glue
0.7,0.56122449,0.00824563,Carbon
0.7,0.56122449,0.010637711,ThermalProtection
0.7,0.612244898,0.015536883,Steel
0.7,0.612244898,0.012602741,Glue
0.7,0.612244898,0.01005846,Carbon
0.7,0.612244898,0.007927628,ThermalProtection
0.7,0.663265306,0.013156124,Steel
0.7,0.663265306,0.01032761,Glue
0.7,0.663265306,0.010402224,Carbon
0.7,0.663265306,0.0118462,ThermalProtection
0.7,0.714285714,0.010747606,Steel
0.7,0.714285714,0.008813161,Glue
0.7,0.714285714,0.009637682,Carbon
0.7,0.714285714,0.009145699,ThermalProtection
0.7,0.765306122,0.005134961,Steel
0.7,0.765306122,0.009414295,Glue
0.7,0.765306122,0.009914611,Carbon
0.7,0.765306122,0.010687133,ThermalProtection
0.7,0.816326531,0.005978096,Steel
0.7,0.816326531,0.005733383,Glue
0.7,0.816326531,0.0111067,Carbon
0.7,0.816326531,0.006772047,ThermalProtection
0.7,0.867346939,0.007128367,Steel
0.7,0.867346939,0.008046992,Glue
0.7,0.867346939,0.007820134,Carbon
0.7,0.867346939,0.006855708,ThermalProtection
0.7,0.918367347,0.004665359,Steel
0.7,0.918367347,0.006570356,Glue
0.7,0.918367347,0.007742005,Carbon
0.7,0.918367347,0.009906458,ThermalProtection
0.7,0.969387755,0.003461672,Steel
0.7,0.969387755,0.006543585,Glue
0.7,0.969387755,0.003627105,Carbon
0.7,0.969387755,0.00640803,ThermalProtection
0.7,1.020408163,0.004226842,Steel
0.7,1.020408163,0.006493242,Glue
0.7,1.020408163,0.005642458,Carbon
0.7,1.020408163,0.006136526,ThermalProtection
0.7,1.071428571,0.010792309,Steel
0.7,1.071428571,0.009348153,Glue
0.7,1.071428571,0.005788662,Carbon
0.7,1.071428571,0.008184957,ThermalProtection
0.7,1.12244898,0.004646105,Steel
0.7,1.12244898,0.005307325,Glue
0.7,1.12244898,0.004807265,Carbon
0.7,1.12244898,0.011583239,ThermalProtection
0.7,1.173469388,0.005560489,Steel
0.7,1.173469388,0.004484825,Glue
0.7,1.173469388,0.008381103,Carbon
0.7,1.173469388,0.004428335,ThermalProtection
0.7,1.224489796,0.006798263,Steel
0.7,1.224489796,0.004009226,Glue
0.7,1.224489796,0.00487328,Carbon
0.7,1.224489796,0.00713051,ThermalProtection
0.7,1.275510204,0.004750755,Steel
0.7,1.275510204,0.007284338,Glue
0.7,1.275510204,0.004494879,Carbon
0.7,1.275510204,0.002869287,ThermalProtection
0.7,1.326530612,0.004368727,Steel
0.7,1.326530612,0.001832516,Glue
0.7,1.326530612,0.004999073,Carbon
0.7,1.326530612,0.003875639,ThermalProtection
0.7,1.37755102,0.00582319,Steel
0.7,1.37755102,0.003755082,Glue
0.7,1.37755102,0.005000203,Carbon
0.7,1.37755102,0.00825291,ThermalProtection
0.7,1.428571429,0.004757878,Steel
0.7,1.428571429,0.006717483,Glue
0.7,1.428571429,0.004130655,Carbon
0.7,1.428571429,0.003635159,ThermalProtection
0.7,1.479591837,0.005777029,Steel
0.7,1.479591837,0.002668053,Glue
0.7,1.479591837,0.004419676,Carbon
0.7,1.479591837,0.005087628,ThermalProtection
0.7,1.530612245,0.001839716,Steel
0.7,1.530612245,0.00541809,Glue
0.7,1.530612245,0.007087759,Carbon
0.7,1.530612245,0.004936076,ThermalProtection
0.7,1.581632653,0.0069486,Steel
0.7,1.581632653,0.007335204,Glue
0.7,1.581632653,0.003467893,Carbon
0.7,1.581632653,0.00453458,ThermalProtection
0.7,1.632653061,0.003799549,Steel
0.7,1.632653061,0.004039683,Glue
0.7,1.632653061,0.004590317,Carbon
0.7,1.632653061,0.008623637,ThermalProtection
0.7,1.683673469,0.009578871,Steel
0.7,1.683673469,0.01000222,Glue
0.7,1.683673469,0.008475355,Carbon
0.7,1.683673469,0.006633182,ThermalProtection
0.7,1.734693878,0.009839799,Steel
0.7,1.734693878,0.004982474,Glue
0.7,1.734693878,0.004394659,Carbon
0.7,1.734693878,0.006267485,ThermalProtection
0.7,1.785714286,0.010284658,Steel
0.7,1.785714286,0.008772662,Glue
0.7,1.785714286,0.008670442,Carbon
0.7,1.785714286,0.008299943,ThermalProtection
0.7,1.836734694,0.009867246,Steel
0.7,1.836734694,0.008442504,Glue
0.7,1.836734694,0.007358814,Carbon
0.7,1.836734694,0.009222764,ThermalProtection
0.7,1.887755102,0.006475998,Steel
0.7,1.887755102,0.01051264,Glue
0.7,1.887755102,0.011427656,Carbon
0.7,1.887755102,0.011796792,ThermalProtection
0.7,1.93877551,0.012512763,Steel
0.7,1.93877551,0.01153354,Glue
0.7,1.93877551,0.009376986,Carbon
0.7,1.93877551,0.005930066,ThermalProtection
0.7,1.989795918,0.010752454,Steel
0.7,1.989795918,0.013238377,Glue
0.7,1.989795918,0.009056965,Carbon
0.7,1.989795918,0.008722251,ThermalProtection
0.7,2.040816327,0.01199139,Steel
0.7,2.040816327,0.011995591,Glue
0.7,2.040816327,0.010583727,Carbon
0.7,2.040816327,0.015202938,ThermalProtection
0.7,2.091836735,0.011706448,Steel
0.7,2.091836735,0.013793722,Glue
0.7,2.091836735,0.012832964,Carbon
0.7,2.091836735,0.00872611,ThermalProtection
0.7,2.142857143,0.010441466,Steel
0.7,2.142857143,0.016433154,Glue
0.7,2.142857143,0.01219466,Carbon
0.7,2.142857143,0.015262761,ThermalProtection
0.7,2.193877551,0.010820651,Steel
0.7,2.193877551,0.011758723,Glue
0.7,2.193877551,0.012850376,Carbon
0.7,2.193877551,0.010666964,ThermalProtection
0.7,2.244897959,0.015053676,Steel
0.7,2.244897959,0.014008586,Glue
0.7,2.244897959,0.014441188,Carbon
0.7,2.244897959,0.014031881,ThermalProtection
0.7,2.295918367,0.016559641,Steel
0.7,2.295918367,0.014669729,Glue
0.7,2.295918367,0.015958494,Carbon
0.7,2.295918367,0.013345764,ThermalProtection
0.7,2.346938776,0.011846528,Steel
0.7,2.346938776,0.013607351,Glue
0.7,2.346938776,0.015367249,Carbon
0.7,2.346938776,0.013759497,ThermalProtection
0.7,2.397959184,0.018614736,Steel
0.7,2.397959184,0.011732741,Glue
0.7,2.397959184,0.016065034,Carbon
0.7,2.397959184,0.012219368,ThermalProtection
0.7,2.448979592,0.01559876,Steel
0.7,2.448979592,0.016912342,Glue
0.7,2.448979592,0.012451876,Carbon
0.7,2.448979592,0.018938644,ThermalProtection
0.7,2.5,0.01604724,Steel
0.7,2.5,0.014916273,Glue
0.7,2.5,0.016580088,Carbon
0.7,2.5,0.012964858,ThermalProtection
0.8,0,0.016590335,Steel
0.8,0,0.015448284,Glue
0.8,0,0.013449803,Carbon
0.8,0,0.016626472,ThermalProtection
0.8,0.051020408,0.016713535,Steel
0.8,0.051020408,0.014472515,Glue
0.8,0.051020408,0.01180869,Carbon
0.8,0.051020408,0.014461258,ThermalProtection
0.8,0.102040816,0.014316185,Steel
0.8,0.102040816,0.013795034,Glue
0.8,0.102040816,0.015782188,Carbon
0.8,0.102040816,0.015769728,ThermalProtection
0.8,0.153061224,0.016694286,Steel
0.8,0.153061224,0.012126035,Glue
0.8,0.153061224,0.016134248,Carbon
0.8,0.153061224,0.014659399,ThermalProtection
0.8,0.204081633,0.017745363,Steel
0.8,0.204081633,0.015341045,Glue
0.8,0.204081633,0.018070212,Carbon
0.8,0.204081633,0.015791439,ThermalProtection
0.8,0.255102041,0.013908581,Steel
0.8,0.255102041,0.012844316,Glue
0.8,0.255102041,0.016455367,Carbon
0.8,0.255102041,0.010485917,ThermalProtection
0.8,0.306122449,0.014269141,Steel
0.8,0.306122449,0.013043977,Glue
0.8,0.306122449,0.007309044,Carbon
0.8,0.306122449,0.013506486,ThermalProtection
0.8,0.357142857,0.009866171,Steel
0.8,0.357142857,0.009855849,Glue
0.8,0.357142857,0.014642341,Carbon
0.8,0.357142857,0.012992784,ThermalProtection
0.8,0.408163265,0.011625339,Steel
0.8,0.408163265,0.010891765,Glue
0.8,0.408163265,0.015281705,Carbon
0.8,0.408163265,0.012029354,ThermalProtection
0.8,0.459183673,0.010914346,Steel
0.8,0.459183673,0.010354614,Glue
0.8,0.459183673,0.009989197,Carbon
0.8,0.459183673,0.010153572,ThermalProtection
0.8,0.510204082,0.00618573,Steel
0.8,0.510204082,0.011583239,Glue
0.8,0.510204082,0.010059873,Carbon
0.8,0.510204082,0.009155217,ThermalProtection
0.8,0.56122449,0.008639805,Steel
0.8,0.56122449,0.010630471,Glue
0.8,0.56122449,0.01004746,Carbon
0.8,0.56122449,0.010636292,ThermalProtection
0.8,0.612244898,0.012794164,Steel
0.8,0.612244898,0.010900116,Glue
0.8,0.612244898,0.009132264,Carbon
0.8,0.612244898,0.007697045,ThermalProtection
0.8,0.663265306,0.006730762,Steel
0.8,0.663265306,0.008843334,Glue
0.8,0.663265306,0.008008285,Carbon
0.8,0.663265306,0.013023426,ThermalProtection
0.8,0.714285714,0.008395342,Steel
0.8,0.714285714,0.008950426,Glue
0.8,0.714285714,0.00698423,Carbon
0.8,0.714285714,0.008584157,ThermalProtection
0.8,0.765306122,0.005142538,Steel
0.8,0.765306122,0.007292167,Glue
0.8,0.765306122,0.010377139,Carbon
0.8,0.765306122,0.009602902,ThermalProtection
0.8,0.816326531,0.008211403,Steel
0.8,0.816326531,0.006241177,Glue
0.8,0.816326531,0.003791854,Carbon
0.8,0.816326531,0.005801954,ThermalProtection
0.8,0.867346939,0.008657644,Steel
0.8,0.867346939,0.007494802,Glue
0.8,0.867346939,0.006324276,Carbon
0.8,0.867346939,0.00430989,ThermalProtection
0.8,0.918367347,0.009464783,Steel
0.8,0.918367347,0.007260685,Glue
0.8,0.918367347,0.002990084,Carbon
0.8,0.918367347,0.003096717,ThermalProtection
0.8,0.969387755,0.004617658,Steel
0.8,0.969387755,0.00299684,Glue
0.8,0.969387755,0.005366674,Carbon
0.8,0.969387755,0.007562424,ThermalProtection
0.8,1.020408163,0.00536027,Steel
0.8,1.020408163,0.003250071,Glue
0.8,1.020408163,0.006911237,Carbon
0.8,1.020408163,0.007739027,ThermalProtection
0.8,1.071428571,0.004505982,Steel
0.8,1.071428571,0.008199512,Glue
0.8,1.071428571,0.006235108,Carbon
0.8,1.071428571,0.010132585,ThermalProtection
0.8,1.12244898,0.008975614,Steel
0.8,1.12244898,0.005165214,Glue
0.8,1.12244898,0.005192532,Carbon
0.8,1.12244898,0.003729061,ThermalProtection
0.8,1.173469388,0.003097602,Steel
0.8,1.173469388,0.000826745,Glue
0.8,1.173469388,0.004956797,Carbon
0.8,1.173469388,0.00497536,ThermalProtection
0.8,1.224489796,0.005745333,Steel
0.8,1.224489796,0.005122435,Glue
0.8,1.224489796,0.005459022,Carbon
0.8,1.224489796,0.005538387,ThermalProtection
0.8,1.275510204,0.002653514,Steel
0.8,1.275510204,0.007657766,Glue
0.8,1.275510204,0.004960499,Carbon
0.8,1.275510204,0.006870598,ThermalProtection
0.8,1.326530612,0.003998305,Steel
0.8,1.326530612,0.005019378,Glue
0.8,1.326530612,0.006722302,Carbon
0.8,1.326530612,0.001440721,ThermalProtection
0.8,1.37755102,0.007743387,Steel
0.8,1.37755102,0.00543282,Glue
0.8,1.37755102,0.004916045,Carbon
0.8,1.37755102,0.004695661,ThermalProtection
0.8,1.428571429,0.008147407,Steel
0.8,1.428571429,0.003925326,Glue
0.8,1.428571429,0.005611188,Carbon
0.8,1.428571429,0.005990497,ThermalProtection
0.8,1.479591837,0.002723075,Steel
0.8,1.479591837,0.006225204,Glue
0.8,1.479591837,0.006535048,Carbon
0.8,1.479591837,0.007063803,ThermalProtection
0.8,1.530612245,0.007152768,Steel
0.8,1.530612245,0.004793235,Glue
0.8,1.530612245,0.008288534,Carbon
0.8,1.530612245,0.007594517,ThermalProtection
0.8,1.581632653,0.004752998,Steel
0.8,1.581632653,0.009334926,Glue
0.8,1.581632653,0.005512018,Carbon
0.8,1.581632653,0.00262612,ThermalProtection
0.8,1.632653061,0.008473653,Steel
0.8,1.632653061,0.007643028,Glue
0.8,1.632653061,0.008700463,Carbon
0.8,1.632653061,0.008894366,ThermalProtection
0.8,1.683673469,0.005834563,Steel
0.8,1.683673469,0.008002197,Glue
0.8,1.683673469,0.006720704,Carbon
0.8,1.683673469,0.006662819,ThermalProtection
0.8,1.734693878,0.009235275,Steel
0.8,1.734693878,0.006404628,Glue
0.8,1.734693878,0.010299818,Carbon
0.8,1.734693878,0.011724833,ThermalProtection
0.8,1.785714286,0.009967404,Steel
0.8,1.785714286,0.006820177,Glue
0.8,1.785714286,0.004970543,Carbon
0.8,1.785714286,0.009581832,ThermalProtection
0.8,1.836734694,0.01147897,Steel
0.8,1.836734694,0.011955392,Glue
0.8,1.836734694,0.009918955,Carbon
0.8,1.836734694,0.009456811,ThermalProtection
0.8,1.887755102,0.011336956,Steel
0.8,1.887755102,0.010444783,Glue
0.8,1.887755102,0.012711443,Carbon
0.8,1.887755102,0.010544476,ThermalProtection
0.8,1.93877551,0.010196427,Steel
0.8,1.93877551,0.008982439,Glue
0.8,1.93877551,0.012620045,Carbon
0.8,1.93877551,0.008768903,ThermalProtection
0.8,1.989795918,0.01114586,Steel
0.8,1.989795918,0.010397648,Glue
0.8,1.989795918,0.011817224,Carbon
0.8,1.989795918,0.009157591,ThermalProtection
0.8,2.040816327,0.011527461,Steel
0.8,2.040816327,0.013362575,Glue
0.8,2.040816327,0.009200065,Carbon
0.8,2.040816327,0.014448035,ThermalProtection
0.8,2.091836735,0.013117083,Steel
0.8,2.091836735,0.014499583,Glue
0.8,2.091836735,0.013720833,Carbon
0.8,2.091836735,0.015826075,ThermalProtection
0.8,2.142857143,0.015244792,Steel
0.8,2.142857143,0.014158839,Glue
0.8,2.142857143,0.013830784,Carbon
0.8,2.142857143,0.010685784,ThermalProtection
0.8,2.193877551,0.017491236,Steel
0.8,2.193877551,0.012372114,Glue
0.8,2.193877551,0.01311079,Carbon
0.8,2.193877551,0.014009593,ThermalProtection
0.8,2.244897959,0.014890104,Steel
0.8,2.244897959,0.011888234,Glue
0.8,2.244897959,0.013530267,Carbon
0.8,2.244897959,0.014308349,ThermalProtection
0.8,2.295918367,0.01294206,Steel
0.8,2.295918367,0.015313364,Glue
0.8,2.295918367,0.01800067,Carbon
0.8,2.295918367,0.016760785,ThermalProtection
0.8,2.346938776,0.014927594,Steel
0.8,2.346938776,0.01975015,Glue
0.8,2.346938776,0.014738277,Carbon
0.8,2.346938776,0.014847147,ThermalProtection
0.8,2.397959184,0.016843235,Steel
0.8,2.397959184,0.015267609,Glue
0.8,2.397959184,0.01515717,Carbon
0.8,2.397959184,0.015636231,ThermalProtection
0.8,2.448979592,0.016047011,Steel
0.8,2.448979592,0.013835317,Glue
0.8,2.448979592,0.018418531,Carbon
0.8,2.448979592,0.014992302,ThermalProtection
0.8,2.5,0.015873227,Steel
0.8,2.5,0.015954069,Glue
0.8,2.5,0.017674664,Carbon
0.8,2.5,0.012689244,ThermalProtection
0.9,0,0.015174722,Steel
0.9,0,0.013243351,Glue
0.9,0,0.015874452,Carbon
0.9,0,0.016575396,ThermalProtection
0.9,0.051020408,0.01388117,Steel
0.9,0.051020408,0.013030286,Glue
0.9,0.051020408,0.017012595,Carbon
0.9,0.051020408,0.013627827,ThermalProtection
0.9,0.102040816,0.011600727,Steel
0.9,0.102040816,0.013992179,Glue
0.9,0.102040816,0.013201458,Carbon
0.9,0.102040816,0.01459344,ThermalProtection
0.9,0.153061224,0.012482195,Steel
0.9,0.153061224,0.015307131,Glue
0.9,0.153061224,0.0121985,Carbon
0.9,0.153061224,0.012241565,ThermalProtection
0.9,0.204081633,0.010594453,Steel
0.9,0.204081633,0.012561944,Glue
0.9,0.204081633,0.011107935,Carbon
0.9,0.204081633,0.016721832,ThermalProtection
0.9,0.255102041,0.014561578,Steel
0.9,0.255102041,0.013933172,Glue
0.9,0.255102041,0.013996474,Carbon
0.9,0.255102041,0.010206633,ThermalProtection
0.9,0.306122449,0.010944919,Steel
0.9,0.306122449,0.011347465,Glue
0.9,0.306122449,0.013227322,Carbon
0.9,0.306122449,0.01194105,ThermalProtection
0.9,0.357142857,0.014525892,Steel
0.9,0.357142857,0.013126931,Glue
0.9,0.357142857,0.012223939,Carbon
0.9,0.357142857,0.01313193,ThermalProtection
0.9,0.408163265,0.011345911,Steel
0.9,0.408163265,0.012406204,Glue
0.9,0.408163265,0.011081749,Carbon
0.9,0.408163265,0.009290457,ThermalProtection
0.9,0.459183673,0.009466098,Steel
0.9,0.459183673,0.0077374,Glue
0.9,0.459183673,0.008011804,Carbon
0.9,0.459183673,0.010292696,ThermalProtection
0.9,0.510204082,0.010488748,Steel
0.9,0.510204082,0.012075718,Glue
0.9,0.510204082,0.010569204,Carbon
0.9,0.510204082,0.010697974,ThermalProtection
0.9,0.56122449,0.009722692,Steel
0.9,0.56122449,0.01076364,Glue
0.9,0.56122449,0.009484289,Carbon
0.9,0.56122449,0.007101767,ThermalProtection
0.9,0.612244898,0.008769941,Steel
0.9,0.612244898,0.00939827,Glue
0.9,0.612244898,0.009395535,Carbon
0.9,0.612244898,0.010707882,ThermalProtection
0.9,0.663265306,0.00878991,Steel
0.9,0.663265306,0.011581696,Glue
0.9,0.663265306,0.008967474,Carbon
0.9,0.663265306,0.009047529,ThermalProtection
0.9,0.714285714,0.005118554,Steel
0.9,0.714285714,0.008396499,Glue
0.9,0.714285714,0.008819975,Carbon
0.9,0.714285714,0.00627151,ThermalProtection
0.9,0.765306122,0.008018613,Steel
0.9,0.765306122,0.010644371,Glue
0.9,0.765306122,0.010145117,Carbon
0.9,0.765306122,0.00859345,ThermalProtection
0.9,0.816326531,0.005057113,Steel
0.9,0.816326531,0.007953402,Glue
0.9,0.816326531,0.00699934,Carbon
0.9,0.816326531,0.004426458,ThermalProtection
0.9,0.867346939,0.001894309,Steel
0.9,0.867346939,0.005479151,Glue
0.9,0.867346939,0.006616184,Carbon
0.9,0.867346939,0.004227568,ThermalProtection
0.9,0.918367347,0.006958283,Steel
0.9,0.918367347,0.007511883,Glue
0.9,0.918367347,0.004580065,Carbon
0.9,0.918367347,0.00468012,ThermalProtection
0.9,0.969387755,0.006849262,Steel
0.9,0.969387755,0.004402738,Glue
0.9,0.969387755,0.002811505,Carbon
0.9,0.969387755,0.002767803,ThermalProtection
0.9,1.020408163,0.008623178,Steel
0.9,1.020408163,0.005595368,Glue
0.9,1.020408163,0.002249051,Carbon
0.9,1.020408163,0.005809613,ThermalProtection
0.9,1.071428571,0.002404564,Steel
0.9,1.071428571,0.001987202,Glue
0.9,1.071428571,0.006816171,Carbon
0.9,1.071428571,0.004235127,ThermalProtection
0.9,1.12244898,0.007072908,Steel
0.9,1.12244898,0.000451843,Glue
0.9,1.12244898,0.002265913,Carbon
0.9,1.12244898,0.002889925,ThermalProtection
0.9,1.173469388,0.005940048,Steel
0.9,1.173469388,0.008781152,Glue
0.9,1.173469388,0.009762387,Carbon
0.9,1.173469388,0.006235277,ThermalProtection
0.9,1.224489796,0.00747198,Steel
0.9,1.224489796,0.006973712,Glue
0.9,1.224489796,0.005488647,Carbon
0.9,1.224489796,0.003345927,ThermalProtection
0.9,1.275510204,0.00497655,Steel
0.9,1.275510204,0.006121987,Glue
0.9,1.275510204,0.002104945,Carbon
0.9,1.275510204,0.004756558,ThermalProtection
0.9,1.326530612,0.003610614,Steel
0.9,1.326530612,0.006396549,Glue
0.9,1.326530612,0.003825945,Carbon
0.9,1.326530612,0.007547266,ThermalProtection
0.9,1.37755102,0.004457335,Steel
0.9,1.37755102,0.006880296,Glue
0.9,1.37755102,0.007945297,Carbon
0.9,1.37755102,0.00343715,ThermalProtection
0.9,1.428571429,0.005314674,Steel
0.9,1.428571429,0.007456229,Glue
0.9,1.428571429,0.003893382,Carbon
0.9,1.428571429,0.009669597,ThermalProtection
0.9,1.479591837,0.004951193,Steel
0.9,1.479591837,0.005340689,Glue
0.9,1.479591837,0.006787558,Carbon
0.9,1.479591837,0.006758768,ThermalProtection
0.9,1.530612245,0.009240112,Steel
0.9,1.530612245,0.007421645,Glue
0.9,1.530612245,0.012172277,Carbon
0.9,1.530612245,0.007854606,ThermalProtection
0.9,1.581632653,0.011773943,Steel
0.9,1.581632653,0.007906143,Glue
0.9,1.581632653,0.010798587,Carbon
0.9,1.581632653,0.00900114,ThermalProtection
0.9,1.632653061,0.009215975,Steel
0.9,1.632653061,0.008030654,Glue
0.9,1.632653061,0.005678034,Carbon
0.9,1.632653061,0.005412416,ThermalProtection
0.9,1.683673469,0.008090813,Steel
0.9,1.683673469,0.008936184,Glue
0.9,1.683673469,0.009874733,Carbon
0.9,1.683673469,0.004692625,ThermalProtection
0.9,1.734693878,0.008985796,Steel
0.9,1.734693878,0.008491312,Glue
0.9,1.734693878,0.007856349,Carbon
0.9,1.734693878,0.009663737,ThermalProtection
0.9,1.785714286,0.009062401,Steel
0.9,1.785714286,0.012775204,Glue
0.9,1.785714286,0.010116239,Carbon
0.9,1.785714286,0.007416892,ThermalProtection
0.9,1.836734694,0.01095472,Steel
0.9,1.836734694,0.013112655,Glue
0.9,1.836734694,0.009310305,Carbon
0.9,1.836734694,0.011176846,ThermalProtection
0.9,1.887755102,0.011732183,Steel
0.9,1.887755102,0.011342854,Glue
0.9,1.887755102,0.012435641,Carbon
0.9,1.887755102,0.012259451,ThermalProtection
0.9,1.93877551,0.013339158,Steel
0.9,1.93877551,0.012096584,Glue
0.9,1.93877551,0.010273554,Carbon
0.9,1.93877551,0.011975493,ThermalProtection
0.9,1.989795918,0.010483536,Steel
0.9,1.989795918,0.013396064,Glue
0.9,1.989795918,0.012972205,Carbon
0.9,1.989795918,0.010183065,ThermalProtection
0.9,2.040816327,0.014500095,Steel
0.9,2.040816327,0.015504834,Glue
0.9,2.040816327,0.011715434,Carbon
0.9,2.040816327,0.012291437,ThermalProtection
0.9,2.091836735,0.013777929,Steel
0.9,2.091836735,0.013687728,Glue
0.9,2.091836735,0.015012574,Carbon
0.9,2.091836735,0.014004135,ThermalProtection
0.9,2.142857143,0.014969918,Steel
0.9,2.142857143,0.013337006,Glue
0.9,2.142857143,0.014720185,Carbon
0.9,2.142857143,0.014962909,ThermalProtection
0.9,2.193877551,0.011851164,Steel
0.9,2.193877551,0.013432113,Glue
0.9,2.193877551,0.013054706,Carbon
0.9,2.193877551,0.013961144,ThermalProtection
0.9,2.244897959,0.017163267,Steel
0.9,2.244897959,0.012170828,Glue
0.9,2.244897959,0.013477163,Carbon
0.9,2.244897959,0.017124421,ThermalProtection
0.9,2.295918367,0.015216739,Steel
0.9,2.295918367,0.015520888,Glue
0.9,2.295918367,0.017473895,Carbon
0.9,2.295918367,0.0134194,ThermalProtection
0.9,2.346938776,0.012256861,Steel
0.9,2.346938776,0.01183827,Glue
0.9,2.346938776,0.015788089,Carbon
0.9,2.346938776,0.013899396,ThermalProtection
0.9,2.397959184,0.015952364,Steel
0.9,2.397959184,0.013928537,Glue
0.9,2.397959184,0.01492506,Carbon
0.9,2.397959184,0.015124617,ThermalProtection
0.9,2.448979592,0.014453989,Steel
0.9,2.448979592,0.011221814,Glue
0.9,2.448979592,0.012320708,Carbon
0.9,2.448979592,0.016820469,ThermalProtection
0.9,2.5,0.012270364,Steel
0.9,2.5,0.013467182,Glue
0.9,2.5,0.011103879,Carbon
0.9,2.5,0.01360157,ThermalProtection
